Mẫu số,Thời gian,Vĩ độ (Lat),Kinh độ (Lon),Độ cao (m),PM2.5 (µg/m³),PM10 (µg/m³),CO (ppm),NOx (ppb),CO2 (ppm),TVOC (ppb),Nhiệt độ (°C),Độ ẩm (%),Chỉ số VN_AQI
1,2026-09-29 09:06:33,16.0747105,108.1497897,0.0,21.9,32.8,2.43,53.0,697.0,128.0,29.1,74.0,72
2,2026-09-29 09:06:34,16.0747105,108.1497897,0.0,20.8,31.2,3.38,53.0,692.0,146.0,29.2,74.0,76
3,2026-09-29 09:06:35,16.0747105,108.1497897,0.0,21.2,31.8,2.52,54.0,694.0,134.0,29.2,74.0,73
4,2026-09-29 09:06:37,16.0747105,108.1497897,0.0,21.0,31.5,2.75,49.0,694.0,135.0,29.2,74.5,73
5,2026-09-29 09:06:38,16.0747105,108.1497897,0.0,21.0,31.5,2.89,52.0,692.0,130.0,29.2,74.2,71
6,2026-09-29 09:06:39,16.0747105,108.1497897,0.0,22.3,33.5,2.89,55.0,697.0,135.0,29.2,74.2,73
7,2026-09-29 09:06:40,16.0747105,108.1497897,0.0,20.9,31.3,2.24,53.0,698.0,127.0,29.1,74.0,70
8,2026-09-29 09:06:41,16.0747105,108.1497897,0.0,21.7,32.5,2.55,51.0,700.0,133.0,29.2,74.0,72
9,2026-09-29 09:06:42,16.0747105,108.1497897,0.0,22.6,33.9,3.01,52.0,697.0,136.0,29.2,73.9,73
